[{"id":"1758935607720","desc":"teste","value":"public class Produto {\n    private String nome;\n    private double preco;\n    private Data dataValidade;\n\n    public Produto(String nome, double preco, Data dataValidade) {\n        this.nome = nome;\n        this.preco = preco;\n        this.dataValidade = dataValidade;\n    }\n    public Data getDataValidade() {\n        return dataValidade;\n    }\n\n    public void setDataValidade(Data dataValidade) {\n        this.dataValidade = dataValidade;\n    }\n    public boolean estaVencido(Data data) {\n        if (dataValidade == null || data == null) {\n            return false;\n        }\n        if (dataValidade.getAno() < data.getAno()) {\n            return true;\n        } else if (dataValidade.getAno() == data.getAno()) {\n            if (dataValidade.getMes() < data.getMes()) {\n                return true;\n            } else if (dataValidade.getMes() == data.getMes()) {\n                if (dataValidade.getDia() < data.getDia()) {\n                    return true;\n                }\n            }\n        }\n        return false;\n    }\n    public String getNome() {\n        return nome;\n    }\n\n    public double getPreco() {\n        return preco;\n    }\n\n    public void setNome(String nome) {\n        this.nome = nome;\n    }\n\n    public void setPreco(double preco) {\n        this.preco = preco;\n    }\n    @Override\n    public String toString() {\n        return \"Produto:\\n\" +\n                \"  Nome: \" + nome + \"\\n\" +\n                \"  Preço: \" + preco + \"\\n\" +\n                \"  Data de Validade: \" + (dataValidade != null ? dataValidade.toString() : \"N/A\");\n    }\n\n    \n\n}\n","position":{"line":22,"character":24}},{"id":"1758935618926","desc":"novo","value":"public class Produto {\n    private String nome;\n    private double preco;\n    private Data dataValidade;\n\n    public Produto(String nome, double preco, Data dataValidade) {\n        this.nome = nome;\n        this.preco = preco;\n        this.dataValidade = dataValidade;\n    }\n    public Data getDataValidade() {\n        return dataValidade;\n    }\n\n    public void setDataValidade(Data dataValidade) {\n        this.dataValidade = dataValidade;\n    }\n    public boolean estaVencido(Data data) {\n        if (dataValidade == null || data == null) {\n            return false;\n        }\n        if (dataValidade.getAno() < data.getAno()) {\n            return true;\n        } else if (dataValidade.getAno() == data.getAno()) {\n            if (dataValidade.getMes() < data.getMes()) {\n                return true;\n            } else if (dataValidade.getMes() == data.getMes()) {\n                if (dataValidade.getDia() < data.getDia()) {\n                    return true;\n                }\n            }\n        }\n        return false;\n    }\n    public String getNome() {\n        return nome;\n    }\n\n    public double getPreco() {\n        return preco;\n    }\n\n    public void setNome(String nome) {\n        this.nome = nome;\n    }\n\n    public void setPreco(double preco) {\n        this.preco = preco;\n    }\n    @Override\n    public String toString() {\n        return \"Produto:\\n\" +\n                \"  Nome: \" + nome + \"\\n\" +\n                \"  Preço: \" + preco + \"\\n\" +\n                \"  Data de Validade: \" + (dataValidade != null ? dataValidade.toString() : \"N/A\");\n    }\n\n    \n\n}\n","position":{"line":22,"character":24}}]